Description,Scientific Name,Max Score,Total Score,Query Cover,E value,Per. ident,Acc. Len,Accession  
alkane hydroxylase [uncultured bacterium],uncultured bacterium,451,451,100%,6e-160,100.00,217,"=HYPERLINK(""https://www.ncbi.nlm.nih.gov/protein/QLC27552.1?report=genbank&log$=prottop&blast_rank=1&RID=5MR54CKK013"",""QLC27552.1"")"
alkane hydroxylase [uncultured bacterium],uncultured bacterium,450,450,100%,1e-159,99.54,217,"=HYPERLINK(""https://www.ncbi.nlm.nih.gov/protein/QLC27547.1?report=genbank&log$=prottop&blast_rank=2&RID=5MR54CKK013"",""QLC27547.1"")"
alkane hydroxylase [uncultured bacterium],uncultured bacterium,449,449,100%,6e-159,99.08,217,"=HYPERLINK(""https://www.ncbi.nlm.nih.gov/protein/QLC27573.1?report=genbank&log$=prottop&blast_rank=3&RID=5MR54CKK013"",""QLC27573.1"")"
alkane hydroxylase [uncultured bacterium],uncultured bacterium,447,447,100%,1e-158,99.08,217,"=HYPERLINK(""https://www.ncbi.nlm.nih.gov/protein/QLC27553.1?report=genbank&log$=prottop&blast_rank=4&RID=5MR54CKK013"",""QLC27553.1"")"
alkane hydroxylase [uncultured bacterium],uncultured bacterium,447,447,100%,2e-158,99.08,217,"=HYPERLINK(""https://www.ncbi.nlm.nih.gov/protein/QLC27558.1?report=genbank&log$=prottop&blast_rank=5&RID=5MR54CKK013"",""QLC27558.1"")"
alkane hydroxylase [uncultured bacterium],uncultured bacterium,447,447,100%,2e-158,99.08,217,"=HYPERLINK(""https://www.ncbi.nlm.nih.gov/protein/QLC27559.1?report=genbank&log$=prottop&blast_rank=6&RID=5MR54CKK013"",""QLC27559.1"")"
alkane hydroxylase [uncultured bacterium],uncultured bacterium,447,447,100%,3e-158,98.62,217,"=HYPERLINK(""https://www.ncbi.nlm.nih.gov/protein/QLC27548.1?report=genbank&log$=prottop&blast_rank=7&RID=5MR54CKK013"",""QLC27548.1"")"
alkane hydroxylase [uncultured bacterium],uncultured bacterium,446,446,100%,5e-158,98.62,217,"=HYPERLINK(""https://www.ncbi.nlm.nih.gov/protein/QLC27550.1?report=genbank&log$=prottop&blast_rank=8&RID=5MR54CKK013"",""QLC27550.1"")"
alkane hydroxylase [uncultured bacterium],uncultured bacterium,446,446,100%,6e-158,98.62,217,"=HYPERLINK(""https://www.ncbi.nlm.nih.gov/protein/QLC27566.1?report=genbank&log$=prottop&blast_rank=9&RID=5MR54CKK013"",""QLC27566.1"")"
alkane hydroxylase [uncultured bacterium],uncultured bacterium,446,446,100%,7e-158,99.08,217,"=HYPERLINK(""https://www.ncbi.nlm.nih.gov/protein/QLC27560.1?report=genbank&log$=prottop&blast_rank=10&RID=5MR54CKK013"",""QLC27560.1"")"
alkane hydroxylase [uncultured bacterium],uncultured bacterium,446,446,100%,9e-158,98.16,217,"=HYPERLINK(""https://www.ncbi.nlm.nih.gov/protein/QLC27556.1?report=genbank&log$=prottop&blast_rank=11&RID=5MR54CKK013"",""QLC27556.1"")"
alkane hydroxylase [uncultured bacterium],uncultured bacterium,446,446,100%,1e-157,98.62,217,"=HYPERLINK(""https://www.ncbi.nlm.nih.gov/protein/QLC27555.1?report=genbank&log$=prottop&blast_rank=12&RID=5MR54CKK013"",""QLC27555.1"")"
alkane hydroxylase [uncultured bacterium],uncultured bacterium,445,445,100%,1e-157,98.62,217,"=HYPERLINK(""https://www.ncbi.nlm.nih.gov/protein/QLC27568.1?report=genbank&log$=prottop&blast_rank=13&RID=5MR54CKK013"",""QLC27568.1"")"
alkane hydroxylase [uncultured bacterium],uncultured bacterium,444,444,100%,2e-157,97.70,217,"=HYPERLINK(""https://www.ncbi.nlm.nih.gov/protein/QLC27551.1?report=genbank&log$=prottop&blast_rank=14&RID=5MR54CKK013"",""QLC27551.1"")"
alkane hydroxylase [uncultured bacterium],uncultured bacterium,444,444,100%,4e-157,98.16,217,"=HYPERLINK(""https://www.ncbi.nlm.nih.gov/protein/QLC27569.1?report=genbank&log$=prottop&blast_rank=15&RID=5MR54CKK013"",""QLC27569.1"")"
alkane hydroxylase [uncultured bacterium],uncultured bacterium,444,444,100%,4e-157,97.70,217,"=HYPERLINK(""https://www.ncbi.nlm.nih.gov/protein/QLC27554.1?report=genbank&log$=prottop&blast_rank=16&RID=5MR54CKK013"",""QLC27554.1"")"
alkane hydroxylase [uncultured bacterium],uncultured bacterium,440,440,100%,1e-155,97.70,217,"=HYPERLINK(""https://www.ncbi.nlm.nih.gov/protein/QLC27575.1?report=genbank&log$=prottop&blast_rank=17&RID=5MR54CKK013"",""QLC27575.1"")"
alkane hydroxylase [uncultured bacterium],uncultured bacterium,436,436,100%,6e-154,96.31,217,"=HYPERLINK(""https://www.ncbi.nlm.nih.gov/protein/QLC27549.1?report=genbank&log$=prottop&blast_rank=18&RID=5MR54CKK013"",""QLC27549.1"")"
molybdopterin-dependent oxidoreductase [Thermodesulfobacteriota bacterium],Thermodesulfobacteriota bacterium,453,453,100%,3e-150,99.54,986,"=HYPERLINK(""https://www.ncbi.nlm.nih.gov/protein/MDY6832641.1?report=genbank&log$=prottop&blast_rank=19&RID=5MR54CKK013"",""MDY6832641.1"")"
molybdopterin-dependent oxidoreductase [Desulfosudis oleivorans],Desulfosudis oleivorans,444,444,100%,1e-146,94.93,993,"=HYPERLINK(""https://www.ncbi.nlm.nih.gov/protein/WP_012173623.1?report=genbank&log$=prottop&blast_rank=20&RID=5MR54CKK013"",""WP_012173623.1"")"
hypothetical protein B5M56_01455 [Desulfococcus sp. 4484_241],Desulfococcus sp. 4484_241,422,422,100%,2e-138,91.24,993,"=HYPERLINK(""https://www.ncbi.nlm.nih.gov/protein/OQX63933.1?report=genbank&log$=prottop&blast_rank=21&RID=5MR54CKK013"",""OQX63933.1"")"
molybdopterin-dependent oxidoreductase [Thermodesulfobacteriota bacterium],Thermodesulfobacteriota bacterium,416,416,100%,1e-135,88.48,991,"=HYPERLINK(""https://www.ncbi.nlm.nih.gov/protein/MDY6824407.1?report=genbank&log$=prottop&blast_rank=22&RID=5MR54CKK013"",""MDY6824407.1"")"
molybdopterin-dependent oxidoreductase [Thermodesulfobacteriota bacterium],Thermodesulfobacteriota bacterium,413,413,100%,7e-135,88.02,991,"=HYPERLINK(""https://www.ncbi.nlm.nih.gov/protein/MDY6906172.1?report=genbank&log$=prottop&blast_rank=23&RID=5MR54CKK013"",""MDY6906172.1"")"
molybdopterin-dependent oxidoreductase [Pseudomonadota bacterium],Pseudomonadota bacterium,401,401,100%,4e-130,85.71,991,"=HYPERLINK(""https://www.ncbi.nlm.nih.gov/protein/MBU1170116.1?report=genbank&log$=prottop&blast_rank=24&RID=5MR54CKK013"",""MBU1170116.1"")"
molybdopterin-dependent oxidoreductase [Desulfobacterales bacterium],Desulfobacterales bacterium,399,399,100%,2e-129,86.18,961,"=HYPERLINK(""https://www.ncbi.nlm.nih.gov/protein/MBI5552446.1?report=genbank&log$=prottop&blast_rank=25&RID=5MR54CKK013"",""MBI5552446.1"")"
molybdopterin-dependent oxidoreductase [Pseudomonadota bacterium],Pseudomonadota bacterium,392,392,100%,5e-127,83.87,973,"=HYPERLINK(""https://www.ncbi.nlm.nih.gov/protein/MBU0996314.1?report=genbank&log$=prottop&blast_rank=26&RID=5MR54CKK013"",""MBU0996314.1"")"
alkane hydroxylase [uncultured bacterium],uncultured bacterium,346,346,76%,3e-119,100.00,167,"=HYPERLINK(""https://www.ncbi.nlm.nih.gov/protein/QLC27538.1?report=genbank&log$=prottop&blast_rank=27&RID=5MR54CKK013"",""QLC27538.1"")"
alkane hydroxylase [uncultured bacterium],uncultured bacterium,345,345,76%,7e-119,99.40,167,"=HYPERLINK(""https://www.ncbi.nlm.nih.gov/protein/QLC27481.1?report=genbank&log$=prottop&blast_rank=28&RID=5MR54CKK013"",""QLC27481.1"")"
alkane hydroxylase [uncultured bacterium],uncultured bacterium,345,345,76%,1e-118,99.40,167,"=HYPERLINK(""https://www.ncbi.nlm.nih.gov/protein/QLC27493.1?report=genbank&log$=prottop&blast_rank=29&RID=5MR54CKK013"",""QLC27493.1"")"
alkane hydroxylase [uncultured bacterium],uncultured bacterium,343,343,76%,4e-118,98.80,167,"=HYPERLINK(""https://www.ncbi.nlm.nih.gov/protein/QLC27486.1?report=genbank&log$=prottop&blast_rank=30&RID=5MR54CKK013"",""QLC27486.1"")"
alkane hydroxylase [uncultured bacterium],uncultured bacterium,343,343,76%,4e-118,98.80,167,"=HYPERLINK(""https://www.ncbi.nlm.nih.gov/protein/QLC27497.1?report=genbank&log$=prottop&blast_rank=31&RID=5MR54CKK013"",""QLC27497.1"")"
alkane hydroxylase [uncultured bacterium],uncultured bacterium,343,343,76%,7e-118,98.20,167,"=HYPERLINK(""https://www.ncbi.nlm.nih.gov/protein/QLC27491.1?report=genbank&log$=prottop&blast_rank=32&RID=5MR54CKK013"",""QLC27491.1"")"
alkane hydroxylase [uncultured bacterium],uncultured bacterium,343,343,76%,8e-118,98.80,167,"=HYPERLINK(""https://www.ncbi.nlm.nih.gov/protein/QLC27508.1?report=genbank&log$=prottop&blast_rank=33&RID=5MR54CKK013"",""QLC27508.1"")"
alkane hydroxylase [uncultured bacterium],uncultured bacterium,342,342,76%,2e-117,98.20,167,"=HYPERLINK(""https://www.ncbi.nlm.nih.gov/protein/QLC27506.1?report=genbank&log$=prottop&blast_rank=34&RID=5MR54CKK013"",""QLC27506.1"")"
alkane hydroxylase [uncultured bacterium],uncultured bacterium,342,342,76%,2e-117,98.20,167,"=HYPERLINK(""https://www.ncbi.nlm.nih.gov/protein/QLC27488.1?report=genbank&log$=prottop&blast_rank=35&RID=5MR54CKK013"",""QLC27488.1"")"
alkane hydroxylase [uncultured bacterium],uncultured bacterium,341,341,76%,4e-117,97.60,167,"=HYPERLINK(""https://www.ncbi.nlm.nih.gov/protein/QLC27480.1?report=genbank&log$=prottop&blast_rank=36&RID=5MR54CKK013"",""QLC27480.1"")"
alkane hydroxylase [uncultured bacterium],uncultured bacterium,341,341,76%,5e-117,98.20,167,"=HYPERLINK(""https://www.ncbi.nlm.nih.gov/protein/QLC27507.1?report=genbank&log$=prottop&blast_rank=37&RID=5MR54CKK013"",""QLC27507.1"")"
alkane hydroxylase [uncultured bacterium],uncultured bacterium,340,340,76%,1e-116,98.20,167,"=HYPERLINK(""https://www.ncbi.nlm.nih.gov/protein/QLC27500.1?report=genbank&log$=prottop&blast_rank=38&RID=5MR54CKK013"",""QLC27500.1"")"
alkane hydroxylase [uncultured bacterium],uncultured bacterium,340,340,76%,1e-116,97.60,167,"=HYPERLINK(""https://www.ncbi.nlm.nih.gov/protein/QLC27501.1?report=genbank&log$=prottop&blast_rank=39&RID=5MR54CKK013"",""QLC27501.1"")"
alkane hydroxylase [uncultured bacterium],uncultured bacterium,338,338,76%,6e-116,97.01,167,"=HYPERLINK(""https://www.ncbi.nlm.nih.gov/protein/QLC27489.1?report=genbank&log$=prottop&blast_rank=40&RID=5MR54CKK013"",""QLC27489.1"")"
alkane hydroxylase [uncultured bacterium],uncultured bacterium,337,337,76%,1e-115,96.41,167,"=HYPERLINK(""https://www.ncbi.nlm.nih.gov/protein/QLC27487.1?report=genbank&log$=prottop&blast_rank=41&RID=5MR54CKK013"",""QLC27487.1"")"
alkane hydroxylase [uncultured bacterium],uncultured bacterium,336,336,76%,3e-115,95.81,167,"=HYPERLINK(""https://www.ncbi.nlm.nih.gov/protein/QLC27490.1?report=genbank&log$=prottop&blast_rank=42&RID=5MR54CKK013"",""QLC27490.1"")"
alkane hydroxylase [uncultured bacterium],uncultured bacterium,336,336,76%,4e-115,96.41,167,"=HYPERLINK(""https://www.ncbi.nlm.nih.gov/protein/QLC27492.1?report=genbank&log$=prottop&blast_rank=43&RID=5MR54CKK013"",""QLC27492.1"")"
alkane hydroxylase [uncultured bacterium],uncultured bacterium,329,329,73%,2e-112,99.38,160,"=HYPERLINK(""https://www.ncbi.nlm.nih.gov/protein/QLC27510.1?report=genbank&log$=prottop&blast_rank=44&RID=5MR54CKK013"",""QLC27510.1"")"
alkane hydroxylase [uncultured bacterium],uncultured bacterium,328,328,73%,3e-112,99.38,160,"=HYPERLINK(""https://www.ncbi.nlm.nih.gov/protein/QLC27541.1?report=genbank&log$=prottop&blast_rank=45&RID=5MR54CKK013"",""QLC27541.1"")"
alkane hydroxylase [uncultured bacterium],uncultured bacterium,327,327,73%,6e-112,99.38,160,"=HYPERLINK(""https://www.ncbi.nlm.nih.gov/protein/QLC27535.1?report=genbank&log$=prottop&blast_rank=46&RID=5MR54CKK013"",""QLC27535.1"")"
alkane hydroxylase [uncultured bacterium],uncultured bacterium,327,327,73%,7e-112,98.75,160,"=HYPERLINK(""https://www.ncbi.nlm.nih.gov/protein/QLC27527.1?report=genbank&log$=prottop&blast_rank=47&RID=5MR54CKK013"",""QLC27527.1"")"
alkane hydroxylase [uncultured bacterium],uncultured bacterium,327,327,73%,1e-111,98.75,160,"=HYPERLINK(""https://www.ncbi.nlm.nih.gov/protein/QLC27520.1?report=genbank&log$=prottop&blast_rank=48&RID=5MR54CKK013"",""QLC27520.1"")"
alkane hydroxylase [uncultured bacterium],uncultured bacterium,327,327,73%,1e-111,98.75,160,"=HYPERLINK(""https://www.ncbi.nlm.nih.gov/protein/QLC27509.1?report=genbank&log$=prottop&blast_rank=49&RID=5MR54CKK013"",""QLC27509.1"")"
alkane hydroxylase [uncultured bacterium],uncultured bacterium,327,327,73%,1e-111,98.75,160,"=HYPERLINK(""https://www.ncbi.nlm.nih.gov/protein/QLC27524.1?report=genbank&log$=prottop&blast_rank=50&RID=5MR54CKK013"",""QLC27524.1"")"
alkane hydroxylase [uncultured bacterium],uncultured bacterium,326,326,73%,3e-111,98.75,160,"=HYPERLINK(""https://www.ncbi.nlm.nih.gov/protein/QLC27539.1?report=genbank&log$=prottop&blast_rank=51&RID=5MR54CKK013"",""QLC27539.1"")"
alkane hydroxylase [uncultured bacterium],uncultured bacterium,326,326,73%,3e-111,98.75,160,"=HYPERLINK(""https://www.ncbi.nlm.nih.gov/protein/QLC27511.1?report=genbank&log$=prottop&blast_rank=52&RID=5MR54CKK013"",""QLC27511.1"")"
alkane hydroxylase [uncultured bacterium],uncultured bacterium,325,325,73%,8e-111,98.12,160,"=HYPERLINK(""https://www.ncbi.nlm.nih.gov/protein/QLC27521.1?report=genbank&log$=prottop&blast_rank=53&RID=5MR54CKK013"",""QLC27521.1"")"
alkane hydroxylase [uncultured bacterium],uncultured bacterium,324,324,73%,1e-110,98.75,160,"=HYPERLINK(""https://www.ncbi.nlm.nih.gov/protein/QLC27531.1?report=genbank&log$=prottop&blast_rank=54&RID=5MR54CKK013"",""QLC27531.1"")"
alkane hydroxylase [uncultured bacterium],uncultured bacterium,324,324,73%,1e-110,98.75,160,"=HYPERLINK(""https://www.ncbi.nlm.nih.gov/protein/QLC27512.1?report=genbank&log$=prottop&blast_rank=55&RID=5MR54CKK013"",""QLC27512.1"")"
alkane hydroxylase [uncultured bacterium],uncultured bacterium,324,324,73%,1e-110,98.75,160,"=HYPERLINK(""https://www.ncbi.nlm.nih.gov/protein/QLC27530.1?report=genbank&log$=prottop&blast_rank=56&RID=5MR54CKK013"",""QLC27530.1"")"
alkane hydroxylase [uncultured bacterium],uncultured bacterium,324,324,73%,2e-110,97.50,160,"=HYPERLINK(""https://www.ncbi.nlm.nih.gov/protein/QLC27529.1?report=genbank&log$=prottop&blast_rank=57&RID=5MR54CKK013"",""QLC27529.1"")"
alkane hydroxylase [uncultured bacterium],uncultured bacterium,323,323,73%,4e-110,97.50,160,"=HYPERLINK(""https://www.ncbi.nlm.nih.gov/protein/QLC27513.1?report=genbank&log$=prottop&blast_rank=58&RID=5MR54CKK013"",""QLC27513.1"")"
alkane hydroxylase [uncultured bacterium],uncultured bacterium,323,323,73%,4e-110,97.50,160,"=HYPERLINK(""https://www.ncbi.nlm.nih.gov/protein/QLC27518.1?report=genbank&log$=prottop&blast_rank=59&RID=5MR54CKK013"",""QLC27518.1"")"
alkane hydroxylase [uncultured bacterium],uncultured bacterium,323,323,73%,6e-110,98.12,160,"=HYPERLINK(""https://www.ncbi.nlm.nih.gov/protein/QLC27533.1?report=genbank&log$=prottop&blast_rank=60&RID=5MR54CKK013"",""QLC27533.1"")"
alkane hydroxylase [uncultured bacterium],uncultured bacterium,322,322,73%,6e-110,96.88,160,"=HYPERLINK(""https://www.ncbi.nlm.nih.gov/protein/QLC27516.1?report=genbank&log$=prottop&blast_rank=61&RID=5MR54CKK013"",""QLC27516.1"")"
alkane hydroxylase [uncultured bacterium],uncultured bacterium,322,322,73%,1e-109,96.88,160,"=HYPERLINK(""https://www.ncbi.nlm.nih.gov/protein/QLC27515.1?report=genbank&log$=prottop&blast_rank=62&RID=5MR54CKK013"",""QLC27515.1"")"
alkane hydroxylase [uncultured bacterium],uncultured bacterium,322,322,73%,1e-109,97.50,160,"=HYPERLINK(""https://www.ncbi.nlm.nih.gov/protein/QLC27540.1?report=genbank&log$=prottop&blast_rank=63&RID=5MR54CKK013"",""QLC27540.1"")"
alkane hydroxylase [uncultured bacterium],uncultured bacterium,321,321,73%,2e-109,97.50,160,"=HYPERLINK(""https://www.ncbi.nlm.nih.gov/protein/QLC27528.1?report=genbank&log$=prottop&blast_rank=64&RID=5MR54CKK013"",""QLC27528.1"")"
alkane hydroxylase [uncultured bacterium],uncultured bacterium,320,320,73%,5e-109,96.25,160,"=HYPERLINK(""https://www.ncbi.nlm.nih.gov/protein/QLC27534.1?report=genbank&log$=prottop&blast_rank=65&RID=5MR54CKK013"",""QLC27534.1"")"
molybdopterin-dependent oxidoreductase [Deltaproteobacteria bacterium],Deltaproteobacteria bacterium,325,325,100%,2e-108,67.74,323,"=HYPERLINK(""https://www.ncbi.nlm.nih.gov/protein/UCD85522.1?report=genbank&log$=prottop&blast_rank=66&RID=5MR54CKK013"",""UCD85522.1"")"
alkane hydroxylase [uncultured bacterium],uncultured bacterium,318,318,73%,2e-108,96.25,160,"=HYPERLINK(""https://www.ncbi.nlm.nih.gov/protein/QLC27526.1?report=genbank&log$=prottop&blast_rank=67&RID=5MR54CKK013"",""QLC27526.1"")"
alkane hydroxylase [uncultured bacterium],uncultured bacterium,317,317,73%,1e-107,95.62,160,"=HYPERLINK(""https://www.ncbi.nlm.nih.gov/protein/QLC27543.1?report=genbank&log$=prottop&blast_rank=68&RID=5MR54CKK013"",""QLC27543.1"")"
twin-arginine translocation signal domain-containing protein [Candidatus Abyssubacteria bacterium SURF_5],Candidatus Abyssubacteria bacterium SURF_5,331,331,99%,2e-103,69.44,972,"=HYPERLINK(""https://www.ncbi.nlm.nih.gov/protein/RJP17647.1?report=genbank&log$=prottop&blast_rank=69&RID=5MR54CKK013"",""RJP17647.1"")"
ethylbenzene dehydrogenase [Candidatus Abyssubacteria bacterium SURF_5],Candidatus Abyssubacteria bacterium SURF_5,330,330,99%,2e-103,68.06,974,"=HYPERLINK(""https://www.ncbi.nlm.nih.gov/protein/RJP24035.1?report=genbank&log$=prottop&blast_rank=70&RID=5MR54CKK013"",""RJP24035.1"")"
molybdopterin-dependent oxidoreductase [Candidatus Lindowbacteria bacterium],Candidatus Lindowbacteria bacterium,328,328,99%,2e-102,67.59,967,"=HYPERLINK(""https://www.ncbi.nlm.nih.gov/protein/MBI4831252.1?report=genbank&log$=prottop&blast_rank=71&RID=5MR54CKK013"",""MBI4831252.1"")"
molybdopterin-dependent oxidoreductase [Candidatus Lindowbacteria bacterium],Candidatus Lindowbacteria bacterium,326,326,99%,6e-102,66.67,933,"=HYPERLINK(""https://www.ncbi.nlm.nih.gov/protein/MBI4832138.1?report=genbank&log$=prottop&blast_rank=72&RID=5MR54CKK013"",""MBI4832138.1"")"
hypothetical protein C4520_04920 [Candidatus Abyssubacteria bacterium SURF_5],Candidatus Abyssubacteria bacterium SURF_5,327,327,99%,6e-102,68.52,971,"=HYPERLINK(""https://www.ncbi.nlm.nih.gov/protein/RJP24036.1?report=genbank&log$=prottop&blast_rank=73&RID=5MR54CKK013"",""RJP24036.1"")"
molybdopterin-dependent oxidoreductase [Candidatus Poribacteria bacterium],Candidatus Poribacteria bacterium,324,324,99%,5e-101,66.20,969,"=HYPERLINK(""https://www.ncbi.nlm.nih.gov/protein/MBI5114966.1?report=genbank&log$=prottop&blast_rank=74&RID=5MR54CKK013"",""MBI5114966.1"")"
molybdopterin-dependent oxidoreductase [Deltaproteobacteria bacterium],Deltaproteobacteria bacterium,324,324,100%,5e-101,67.74,970,"=HYPERLINK(""https://www.ncbi.nlm.nih.gov/protein/UCD85807.1?report=genbank&log$=prottop&blast_rank=75&RID=5MR54CKK013"",""UCD85807.1"")"
molybdopterin-dependent oxidoreductase [Candidatus Poribacteria bacterium],Candidatus Poribacteria bacterium,324,324,99%,7e-101,66.20,967,"=HYPERLINK(""https://www.ncbi.nlm.nih.gov/protein/MBI5118772.1?report=genbank&log$=prottop&blast_rank=76&RID=5MR54CKK013"",""MBI5118772.1"")"
molybdopterin-dependent oxidoreductase [Candidatus Poribacteria bacterium],Candidatus Poribacteria bacterium,308,308,99%,5e-100,66.67,462,"=HYPERLINK(""https://www.ncbi.nlm.nih.gov/protein/MBI5117274.1?report=genbank&log$=prottop&blast_rank=77&RID=5MR54CKK013"",""MBI5117274.1"")"
molybdopterin-dependent oxidoreductase [Candidatus Abyssubacteria bacterium],Candidatus Abyssubacteria bacterium,297,297,86%,4e-98,70.59,280,"=HYPERLINK(""https://www.ncbi.nlm.nih.gov/protein/NQU08591.1?report=genbank&log$=prottop&blast_rank=78&RID=5MR54CKK013"",""NQU08591.1"")"
hypothetical protein C4520_00315 [Candidatus Abyssubacteria bacterium SURF_5],Candidatus Abyssubacteria bacterium SURF_5,310,310,99%,9e-96,68.06,969,"=HYPERLINK(""https://www.ncbi.nlm.nih.gov/protein/RJP26722.1?report=genbank&log$=prottop&blast_rank=79&RID=5MR54CKK013"",""RJP26722.1"")"
molybdopterin-dependent oxidoreductase [Candidatus Poribacteria bacterium],Candidatus Poribacteria bacterium,309,309,99%,3e-95,64.35,968,"=HYPERLINK(""https://www.ncbi.nlm.nih.gov/protein/MBI5118691.1?report=genbank&log$=prottop&blast_rank=80&RID=5MR54CKK013"",""MBI5118691.1"")"
molybdopterin-dependent oxidoreductase [Deltaproteobacteria bacterium],Deltaproteobacteria bacterium,283,283,100%,3e-91,59.45,376,"=HYPERLINK(""https://www.ncbi.nlm.nih.gov/protein/MDP3937109.1?report=genbank&log$=prottop&blast_rank=81&RID=5MR54CKK013"",""MDP3937109.1"")"
molybdopterin-dependent oxidoreductase [Chloroflexota bacterium],Chloroflexota bacterium,288,288,99%,4e-88,58.06,882,"=HYPERLINK(""https://www.ncbi.nlm.nih.gov/protein/MCH8161134.1?report=genbank&log$=prottop&blast_rank=82&RID=5MR54CKK013"",""MCH8161134.1"")"
TPA: molybdopterin-dependent oxidoreductase [Dehalococcoidia bacterium],Dehalococcoidia bacterium,283,283,100%,6e-87,59.17,746,"=HYPERLINK(""https://www.ncbi.nlm.nih.gov/protein/HXF51939.1?report=genbank&log$=prottop&blast_rank=83&RID=5MR54CKK013"",""HXF51939.1"")"
molybdopterin-dependent oxidoreductase [Chloroflexota bacterium],Chloroflexota bacterium,287,287,99%,1e-86,58.06,999,"=HYPERLINK(""https://www.ncbi.nlm.nih.gov/protein/MCH7578626.1?report=genbank&log$=prottop&blast_rank=84&RID=5MR54CKK013"",""MCH7578626.1"")"
hypothetical protein A2148_04695 [Chloroflexi bacterium RBG_16_68_14],Chloroflexi bacterium RBG_16_68_14,283,283,99%,2e-85,57.14,980,"=HYPERLINK(""https://www.ncbi.nlm.nih.gov/protein/OGO51955.1?report=genbank&log$=prottop&blast_rank=85&RID=5MR54CKK013"",""OGO51955.1"")"
TPA: molybdopterin-dependent oxidoreductase [Dehalococcoidia bacterium],Dehalococcoidia bacterium,283,283,100%,2e-85,59.63,971,"=HYPERLINK(""https://www.ncbi.nlm.nih.gov/protein/HWQ28511.1?report=genbank&log$=prottop&blast_rank=86&RID=5MR54CKK013"",""HWQ28511.1"")"
molybdopterin-dependent oxidoreductase [Chloroflexota bacterium],Chloroflexota bacterium,281,281,98%,4e-85,59.07,948,"=HYPERLINK(""https://www.ncbi.nlm.nih.gov/protein/MCH7511860.1?report=genbank&log$=prottop&blast_rank=87&RID=5MR54CKK013"",""MCH7511860.1"")"
molybdopterin-dependent oxidoreductase [Chloroflexota bacterium],Chloroflexota bacterium,277,277,93%,7e-84,59.80,875,"=HYPERLINK(""https://www.ncbi.nlm.nih.gov/protein/MCH7511552.1?report=genbank&log$=prottop&blast_rank=88&RID=5MR54CKK013"",""MCH7511552.1"")"
molybdopterin-dependent oxidoreductase [Chloroflexota bacterium],Chloroflexota bacterium,279,279,98%,1e-83,57.67,999,"=HYPERLINK(""https://www.ncbi.nlm.nih.gov/protein/MCH8007241.1?report=genbank&log$=prottop&blast_rank=89&RID=5MR54CKK013"",""MCH8007241.1"")"
TPA: molybdopterin-dependent oxidoreductase [Dehalococcoidia bacterium],Dehalococcoidia bacterium,268,268,100%,3e-82,57.34,630,"=HYPERLINK(""https://www.ncbi.nlm.nih.gov/protein/HLB26327.1?report=genbank&log$=prottop&blast_rank=90&RID=5MR54CKK013"",""HLB26327.1"")"
molybdopterin-dependent oxidoreductase [Chloroflexota bacterium],Chloroflexota bacterium,273,273,93%,3e-82,58.82,874,"=HYPERLINK(""https://www.ncbi.nlm.nih.gov/protein/MCH8900754.1?report=genbank&log$=prottop&blast_rank=91&RID=5MR54CKK013"",""MCH8900754.1"")"
ethylbenzene dehydrogenase [Dehalococcoidia bacterium],Dehalococcoidia bacterium,263,263,99%,1e-81,56.88,504,"=HYPERLINK(""https://www.ncbi.nlm.nih.gov/protein/TET96500.1?report=genbank&log$=prottop&blast_rank=92&RID=5MR54CKK013"",""TET96500.1"")"
TPA: molybdopterin-dependent oxidoreductase [Arthrobacter sp.],Arthrobacter sp.,258,258,99%,2e-80,56.48,460,"=HYPERLINK(""https://www.ncbi.nlm.nih.gov/protein/HEX9226104.1?report=genbank&log$=prottop&blast_rank=93&RID=5MR54CKK013"",""HEX9226104.1"")"
molybdopterin-dependent oxidoreductase [Chloroflexota bacterium],Chloroflexota bacterium,269,269,100%,3e-80,56.88,969,"=HYPERLINK(""https://www.ncbi.nlm.nih.gov/protein/MCH8345624.1?report=genbank&log$=prottop&blast_rank=94&RID=5MR54CKK013"",""MCH8345624.1"")"
molybdopterin-dependent oxidoreductase [Chloroflexota bacterium],Chloroflexota bacterium,267,267,100%,2e-79,56.42,969,"=HYPERLINK(""https://www.ncbi.nlm.nih.gov/protein/MDE3097233.1?report=genbank&log$=prottop&blast_rank=95&RID=5MR54CKK013"",""MDE3097233.1"")"
twin-arginine translocation signal domain-containing protein [Dehalococcoidia bacterium],Dehalococcoidia bacterium,267,267,100%,2e-79,54.13,990,"=HYPERLINK(""https://www.ncbi.nlm.nih.gov/protein/TAK63554.1?report=genbank&log$=prottop&blast_rank=96&RID=5MR54CKK013"",""TAK63554.1"")"
molybdopterin-dependent oxidoreductase [Dehalococcoidia bacterium],Dehalococcoidia bacterium,266,266,100%,6e-79,55.50,970,"=HYPERLINK(""https://www.ncbi.nlm.nih.gov/protein/MEE8347378.1?report=genbank&log$=prottop&blast_rank=97&RID=5MR54CKK013"",""MEE8347378.1"")"
TPA: molybdopterin-dependent oxidoreductase [Dehalococcoidia bacterium],Dehalococcoidia bacterium,265,265,100%,8e-79,55.50,970,"=HYPERLINK(""https://www.ncbi.nlm.nih.gov/protein/HLB23499.1?report=genbank&log$=prottop&blast_rank=98&RID=5MR54CKK013"",""HLB23499.1"")"
molybdopterin-dependent oxidoreductase [Chloroflexota bacterium],Chloroflexota bacterium,248,248,94%,2e-78,57.56,297,"=HYPERLINK(""https://www.ncbi.nlm.nih.gov/protein/MDP2948443.1?report=genbank&log$=prottop&blast_rank=99&RID=5MR54CKK013"",""MDP2948443.1"")"
molybdopterin-dependent oxidoreductase [Dehalococcoidia bacterium],Dehalococcoidia bacterium,263,263,100%,2e-78,55.50,858,"=HYPERLINK(""https://www.ncbi.nlm.nih.gov/protein/MDP2673403.1?report=genbank&log$=prottop&blast_rank=100&RID=5MR54CKK013"",""MDP2673403.1"")"



		


